{
  "heading": [
    0.7075208842461583,
    -0.7066467485074057,
    -0.007058393650468786,
    -0.0038406065302718445
  ],
  "position": [
    0.008707550128834255,
    0.46748110977387547,
    1.8138725928014485
  ]
}
