{
  "heading": [
    0.009023107680662246,
    -0.011674247389688907,
    0.7045302329449326,
    -0.7095205749956979
  ],
  "position": [
    0.046516221916763065,
    -1.0212984653087003,
    1.6668216814750108
  ]
}
