{
  "heading": [
    0.922758382251101,
    0.01223803332135984,
    0.01829534295357955,
    -0.38474989142554317
  ],
  "position": [
    1.1203399349232097,
    1.1144274836750545,
    0.003273188199501232
  ]
}
