{
  "heading": [
    0.9231935848219663,
    0.013906356206246894,
    0.016470669825421974,
    -0.3837302897037626
  ],
  "position": [
    1.691480603914116,
    1.6854116880034906,
    -0.0034491881763309834
  ]
}
