{
  "heading": [
    0.9232166320568177,
    0.014681088208542891,
    0.017600785905354143,
    -0.38359578761789487
  ],
  "position": [
    2.2731808216050835,
    2.2649042481482966,
    0.0037799157843729815
  ]
}
