{
  "heading": [
    0.9231440604069733,
    0.013170745406423818,
    0.017432369668099947,
    -0.38383289031624085
  ],
  "position": [
    2.859084612801318,
    2.853379945195771,
    0.01987844450015428
  ]
}
